food_id,food_name,alternate_names,category,meal_type,typical_spice_level,vegetarian_possible,vegan_possible,key_components,arugam_bay_relevance,recommendation_tags,source_type,source_url,verified_date,confidence
ABY-F001,Rice and Curry,Bath saha curry,Main meal,"Lunch,Dinner",Varies,Yes,Yes,"Rice with vegetable curries, sambols and optional fish/meat",Core local meal and specifically recommended in Arugam Bay community discussions,"authentic,local-daily-food,budget",Official tourism + community,https://www.reddit.com/r/srilanka/comments/1nim5ms/arugam_bay_best_places_to_eat/,2026-08-11,0.96
ABY-F002,Kottu Roti,Koththu / Kottu,Street food / main,Dinner,Medium-High,Yes,Yes,Chopped godhamba roti with vegetables and optional egg/meat,Common surf-town evening meal,"street-food,late-night,local-icon",Official tourism,https://www.srilanka.travel/culinary-tourism/food-range.php,2026-08-11,0.98
ABY-F003,Pol Roti,Coconut roti,Flatbread,"Breakfast,Lunch,Dinner",Mild,Yes,Yes,Coconut flatbread,Explicitly featured by Cook with Mona and common in local restaurants,"roti,coconut,cooking-class",Cooking class + tourism,https://www.instagram.com/cookwithmona_arugambay/,2026-08-11,0.98
ABY-F004,Hoppers,Appa,Breakfast / dinner,"Breakfast,Dinner",Mild,Yes,Yes,Fermented rice-flour and coconut-milk pancake,Common Sri Lankan breakfast,"breakfast,traditional",Official tourism,https://www.srilanka.travel/culinary-tourism/food-range.php,2026-08-11,0.98
ABY-F005,String Hoppers,Indi Appa,Breakfast / dinner,"Breakfast,Dinner",Mild,Yes,Yes,Steamed rice-flour noodle nests,Common local breakfast/dinner,"breakfast,traditional",Official tourism,https://www.srilanka.travel/culinary-tourism/,2026-08-11,0.96
ABY-F006,Dhal Curry,Parippu,Side / curry,Any,Mild-Medium,Yes,Yes,Red lentil curry,Core rice-and-curry component,"vegetarian,comfort-food",Official tourism,https://www.srilanka.travel/culinary-tourism/,2026-08-11,0.95
ABY-F007,Pol Sambol,Coconut sambol,Side,Any,High,Yes,Yes,"Fresh coconut, chilli, onion and lime",Explicitly taught by Cook with Mona,"spicy,coconut,cooking-class",Cooking-class evidence,https://www.instagram.com/cookwithmona_arugambay/,2026-08-11,0.98
ABY-F008,Bean Curry,Green bean curry,Vegetable curry,"Lunch,Dinner",Medium,Yes,Yes,Beans cooked with Sri Lankan spices/coconut,Explicitly taught in Arugam Bay cooking classes,"vegetarian,cooking-class",Cooking-class evidence,https://www.tripadvisor.com/Attractions-g3348959-Activities-c36-t203-Arugam_Bay_Eastern_Province.html,2026-08-11,0.96
ABY-F009,Butternut / Pumpkin Curry,Pumpkin curry,Vegetable curry,"Lunch,Dinner",Mild-Medium,Yes,Yes,Pumpkin or butternut cooked with spices/coconut,Explicitly taught by Cook with Mona,"vegetarian,cooking-class,mild",Cooking-class evidence,https://www.tripadvisor.com/Attractions-g3348959-Activities-c36-t203-Arugam_Bay_Eastern_Province.html,2026-08-11,0.96
ABY-F010,Chicken Curry,Sri Lankan chicken curry,Meat curry,"Lunch,Dinner",Medium-High,No,No,Chicken cooked in Sri Lankan roasted spices,Explicitly taught in Arugam Bay cooking classes,"chicken,cooking-class",Cooking-class evidence,https://www.tripadvisor.com/Attractions-g3348959-Activities-c36-t203-Arugam_Bay_Eastern_Province.html,2026-08-11,0.96
ABY-F011,Fish Curry,Sri Lankan fish curry,Seafood curry,"Lunch,Dinner",Medium-High,No,No,Fresh fish cooked in Sri Lankan curry spices,Strong coastal / fresh-catch relevance,"seafood,local,coastal",Restaurant/review evidence,https://www.tripadvisor.com/Restaurant_Review-g3348959-d1733566-Reviews-The_Green_Room-Arugam_Bay_Eastern_Province.html,2026-08-11,0.95
ABY-F012,Prawn Curry,Sri Lankan prawn curry,Seafood curry,"Lunch,Dinner",High,No,No,Prawns cooked with Sri Lankan spices,Specifically praised at Mr Fisherman and Green Room,"seafood,prawn,spicy",Review aggregation,https://www.tripadvisor.com/Restaurant_Review-g3348959-d10520610-Reviews-Mr_Fisherman-Arugam_Bay_Eastern_Province.html,2026-08-11,0.94
ABY-F013,Garlic Prawns,Garlic shrimp,Seafood main,"Lunch,Dinner",Medium,No,No,Fresh prawns cooked with garlic,Explicitly praised at The Green Room,"seafood,garlic,beach",Review aggregation,https://www.tripadvisor.com/Restaurant_Review-g3348959-d1733566-Reviews-The_Green_Room-Arugam_Bay_Eastern_Province.html,2026-08-11,0.92
ABY-F014,Grilled Fresh Fish,Whole grilled fish,Seafood main,"Lunch,Dinner",Mild-Medium,No,No,Fresh catch grilled whole or as fillets,One of the strongest Arugam Bay food identities,"seafood,fresh-catch,grill",Tripadvisor + food blog,https://girlonazebra.com/restaurants-in-arugam-bay/,2026-08-11,0.98
ABY-F015,White Snapper,Snapper,Seafood main,"Lunch,Dinner",Mild-Medium,No,No,Fresh white snapper grilled or cooked to order,Specifically praised at Neptune's Best,"seafood,snapper,fresh-catch",Tripadvisor,https://www.tripadvisor.com/Restaurant_Review-g3348959-d20975135-Reviews-Neptune_s_Best_Restaurant_Arugambay-Arugam_Bay_Eastern_Province.html,2026-08-11,0.95
ABY-F016,Calamari,Squid,Seafood main,"Lunch,Dinner",Medium,No,No,Fresh calamari grilled/fried/cooked in sauce,Specifically praised at Neptune's Best and Serendib,"seafood,calamari",Tripadvisor,https://www.tripadvisor.com/Restaurant_Review-g3348959-d20975135-Reviews-Neptune_s_Best_Restaurant_Arugambay-Arugam_Bay_Eastern_Province.html,2026-08-11,0.94
ABY-F017,Crab,Crab curry / grilled crab,Seafood main,"Lunch,Dinner",Medium-High,No,No,Fresh crab prepared in curry or grilled styles,Mr Fisherman reviews explicitly highlight crab,"seafood,crab,fresh-catch",Tripadvisor,https://www.tripadvisor.com/Restaurant_Review-g3348959-d10520610-Reviews-Mr_Fisherman-Arugam_Bay_Eastern_Province.html,2026-08-11,0.94
ABY-F018,Lobster,Grilled lobster,Seafood main,Dinner,Mild-Medium,No,No,Fresh lobster grilled or sauced,Mr Fisherman reviews explicitly mention lobster,"seafood,lobster,premium",Tripadvisor,https://www.tripadvisor.com/Restaurant_Review-g3348959-d10520610-Reviews-Mr_Fisherman-Arugam_Bay_Eastern_Province.html,2026-08-11,0.93
ABY-F019,Seafood Platter,Mixed seafood platter,Seafood main,Dinner,Medium,No,No,"Mixed prawns, calamari, fish and/or crab",Strong beach-restaurant choice,"seafood,sharing,beach-dining",Tripadvisor,https://www.tripadvisor.com/Restaurant_Review-g3348959-d23910391-Reviews-Serendib_Arugam_Bay-Arugam_Bay_Eastern_Province.html,2026-08-11,0.94
ABY-F020,Fish BBQ,Beach fish barbecue,Seafood main,Dinner,Medium,No,No,Fresh fish grilled over barbecue,Beach Hut travel guide specifically highlights cheap fish BBQ dinner,"seafood,bbq,beach,social",Travel guide,https://www.thecoastalcampaign.com/arugam-bay-things-to-do/,2026-08-11,0.9
ABY-F021,Dosa,Thosai,Breakfast / main,"Breakfast,Lunch,Dinner",Mild-Medium,Yes,Yes,Fermented rice-lentil crepe with chutney/sambar,Arugam Bay has a highly reviewed Dosa Station and South-Indian/Tamil food demand,"vegetarian,tamil,south-indian,budget",Current business + community,https://www.google.com/maps/search/?api=1&query=Dosa+Station+Arugam+Bay+Sri+Lanka,2026-08-11,0.97
ABY-F022,Mango Curry,Mango curry,Vegetable / fruit curry,"Lunch,Dinner",Medium,Yes,Yes,Mango cooked with spices and coconut,Specifically praised at Curry Leaves,"vegetarian,fruit-curry,local",Tripadvisor,https://www.tripadvisor.com/Restaurant_Review-g3348959-d17439700-Reviews-Curry_Leaves-Arugam_Bay_Eastern_Province.html,2026-08-11,0.93
ABY-F023,Fresh Fruit Juice,Seasonal juice,Drink,Any,None,Yes,Yes,Fresh tropical fruit juice,Common at surf cafes and local restaurants,"juice,refreshing,surf-town",Restaurant/review context,https://www.tripadvisor.com/Restaurant_Review-g3348959-d1733566-Reviews-The_Green_Room-Arugam_Bay_Eastern_Province.html,2026-08-11,0.9
ABY-F024,Avocado Juice,Avocado smoothie,Drink,Any,None,Yes,Yes,Fresh avocado blended drink,Explicitly recommended in Green Room review history,"juice,avocado,refreshing",Tripadvisor,https://www.tripadvisor.com/Restaurant_Review-g3348959-d1733566-Reviews-The_Green_Room-Arugam_Bay_Eastern_Province.html,2026-08-11,0.9
ABY-F025,King Coconut,Thambili,Drink,Any,None,Yes,Yes,Fresh king coconut water,Common hot-weather coastal refreshment,"drink,local,refreshing",Sri Lanka tourism context,https://www.srilanka.travel/culinary-tourism/,2026-08-11,0.88
