link_id,place_id,food_id,dish_match_type,evidence_strength,source_url,notes
L001,MIR-P001,MIR-F001,Core recommendation,High,https://www.tripadvisor.com/Restaurant_Review-g1407334-d15594168-Reviews-Ceylon_Curry_House-Mirissa_Southern_Province.html,Ceylon Curry House is strongly associated with authentic Sri Lankan curry and value.
L002,MIR-P002,MIR-F001,Core recommendation,High,https://www.tripadvisor.com/Restaurant_Review-g1407334-d12794842-Reviews-Dhana_s_Curry_Pot-Mirissa_Southern_Province.html,Dhana's is strongly associated with multi-curry Sri Lankan meals.
L003,MIR-P003,MIR-F003,Signature dish,High,https://dewminirotishop.wordpress.com/,Dewmini is a long-running roti shop.
L004,MIR-P003,MIR-F002,Core recommendation,High,https://www.reddit.com/r/srilanka/comments/1jo8vg1/what_is_the_best_kottu_in_marissa/,Dewmini is explicitly recommended in a Mirissa kottu discussion.
L005,MIR-P004,MIR-F001,Review-supported,High,https://www.tripadvisor.com/Restaurant_Review-g1407334-d34144290-Reviews-Sea_Gem_Authentic_Sri_Lankan_Cooking-Mirissa_Southern_Province.html,Sea Gem reviews explicitly praise chicken and vegetable rice-and-curry meals.
L006,MIR-P004,MIR-F011,Review-supported specialty,High,https://www.tripadvisor.com/Restaurant_Review-g1407334-d34144290-Reviews-Sea_Gem_Authentic_Sri_Lankan_Cooking-Mirissa_Southern_Province.html,Grilled barracuda explicitly praised.
L007,MIR-P005,MIR-F001,Core recommendation,High,https://www.tripadvisor.com/Restaurant_Review-g1407334-d15553518-Reviews-Mum_s_Kitchen-Mirissa_Southern_Province.html,Mum's Kitchen positions itself around Sri Lankan rice and curry.
L008,MIR-P006,MIR-F003,Core recommendation,High,https://www.tripadvisor.com/Restaurant_Review-g1407334-d7934207-Reviews-Maggie_s_Rotti_Shop-Mirissa_Southern_Province.html,Maggie's is roti-focused.
L009,MIR-P006,MIR-F002,Core recommendation,Medium,https://www.tripadvisor.com/Restaurant_Review-g1407334-d7934207-Reviews-Maggie_s_Rotti_Shop-Mirissa_Southern_Province.html,Public listing summary mentions kottu as part of the menu.
L010,MIR-P007,MIR-F009,Review-supported specialty,High,https://www.tripadvisor.com/Restaurant_Review-g1407334-d15309539-Reviews-River_View_Restaurant_cafe-Mirissa_Southern_Province.html,Fish curry explicitly praised in public reviews.
L011,MIR-P008,MIR-F003,Core recommendation,High,https://www.tripadvisor.com/Restaurant_Review-g1407334-d12814458-Reviews-Dilmi_rotti_shop-Mirissa_Southern_Province.html,Dilmi is a roti shop.
L012,MIR-P008,MIR-F025,Review-supported specialty,Medium,https://www.tripadvisor.com/Restaurant_Review-g1407334-d12814458-Reviews-Dilmi_rotti_shop-Mirissa_Southern_Province.html,Public review summary mentions traditional Sri Lankan coffee with roti.
L013,MIR-P009,MIR-F010,Core specialty,High,https://www.tripadvisor.com/Restaurant_Review-g1407334-d15833016-Reviews-Fresh_Wave_Restaurant_and_Bar-Mirissa_Southern_Province.html,Fresh fish is a dominant public-review theme.
L014,MIR-P009,MIR-F015,Review-supported specialty,High,https://www.tripadvisor.com/Restaurant_Review-g1407334-d15833016-Reviews-Fresh_Wave_Restaurant_and_Bar-Mirissa_Southern_Province.html,Coconut prawns explicitly praised.
L015,MIR-P009,MIR-F024,Experience match,High,https://www.tripadvisor.com/Restaurant_Review-g1407334-d15833016-Reviews-Fresh_Wave_Restaurant_and_Bar-Mirissa_Southern_Province.html,Beachfront fresh-fish dinner / grilled seafood experience is repeatedly described.
L016,MIR-P010,MIR-F010,Cuisine fit,Medium,https://www.tripadvisor.com/Restaurant_Review-g1407334-d12381069-Reviews-Coco_Gate-Mirissa_Southern_Province.html,Coco Gate is currently categorized as seafood.
L017,MIR-P011,MIR-F003,Review-supported,Medium,https://www.tripadvisor.com/Restaurant_Review-g1407334-d12330698-Reviews-Ambrosia_Mirissa-Mirissa_Southern_Province.html,Plain roti is explicitly praised in public review summary.
L018,MIR-P012,MIR-F010,Core specialty,High,https://www.tripadvisor.com/Restaurant_Review-g1407334-d3438660-Reviews-Central_Beach_Inn-Mirissa_Southern_Province.html,Fresh seafood is displayed nightly according to recent public reviews.
L019,MIR-P013,MIR-F010,Cuisine fit,Medium,https://www.instagram.com/saltmirissa/?hl=en,Salt publicly positions itself around seafood and beach dining.
L020,MIR-P014,MIR-F009,Official cuisine fit,High,https://serendipitymirissa.com/the-restaurant/,Official site explicitly celebrates Sri Lankan flavours.
L021,MIR-P014,MIR-F010,Official specialty,High,https://serendipitymirissa.com/the-restaurant/,Official site highlights fresh seafood.
L022,MIR-P017,MIR-F001,Experience fit,High,https://www.tripadvisor.com/Restaurants-g1407334-Mirissa_Southern_Province.html,Sri Lankan/Asian cooking-class restaurant surfaced in current listings.
L023,MIR-P018,MIR-F010,Cuisine fit,High,https://www.tripadvisor.com/Restaurants-g1407334-c33-zfp16-Mirissa_Southern_Province.html,Turtle Bay is surfaced among budget seafood restaurants.
L024,MIR-P020,MIR-F001,Core recommendation,Medium,https://www.tripadvisor.com/Restaurant_Review-g1407334-d25172550-Reviews-Hey_Mama-Mirissa_Southern_Province.html,Public review summary describes home-made Sri Lankan cuisine.
