food_id,food_name,alternate_names,category,meal_type,typical_spice_level,vegetarian_possible,vegan_possible,key_components,bandarawela_relevance,recommendation_tags,source_type,source_url,verified_date,confidence
BAN-F001,Rice and Curry,Bath saha curry,Main meal,"Lunch,Dinner",Varies,Yes,Yes,"Rice with vegetable curries, sambols and optional meat/fish",Core everyday local food in Bandarawela,"authentic,local-daily-food,budget",Official tourism,https://www.srilanka.travel/culinary-tourism/,2026-08-11,0.99
BAN-F002,Hill-Country Vegetable Rice & Curry,Vegetable rice and curry,Main meal,"Lunch,Dinner",Mild-Medium,Yes,Yes,"Rice with seasonal carrots, leeks, beans, potatoes and other vegetables",Strong fit with Bandarawela's cool-climate produce,"vegetarian,hill-country,local",Cuisine context,https://www.srilanka.travel/culinary-tourism/,2026-08-11,0.9
BAN-F003,Kottu Roti,Koththu,Street food / main,Dinner,Medium-High,Yes,Yes,Chopped godhamba roti with vegetables and optional egg/meat,Common evening meal,"street-food,late-night",Official tourism,https://www.srilanka.travel/culinary-tourism/food-range.php,2026-08-11,0.98
BAN-F004,Pol Roti,Coconut roti,Flatbread,"Breakfast,Lunch,Dinner",Mild,Yes,Yes,Coconut flatbread,Common local breakfast/snack,"roti,budget",Official tourism,https://www.srilanka.travel/culinary-tourism/,2026-08-11,0.95
BAN-F005,Hoppers,Appa,Breakfast / dinner,"Breakfast,Dinner",Mild,Yes,Yes,Fermented rice-flour and coconut-milk pancake,Common Sri Lankan breakfast,"breakfast,traditional",Official tourism,https://www.srilanka.travel/culinary-tourism/food-range.php,2026-08-11,0.98
BAN-F006,String Hoppers,Indi Appa,Breakfast / dinner,"Breakfast,Dinner",Mild,Yes,Yes,Steamed rice-flour noodle nests,Common hill-country breakfast,"breakfast,traditional",Official tourism,https://www.srilanka.travel/culinary-tourism/,2026-08-11,0.96
BAN-F007,Pittu,Pittu,Breakfast / main,"Breakfast,Dinner",Mild,Yes,Yes,Steamed flour and coconut mixture,Common Sri Lankan staple,"traditional,coconut",Official tourism,https://www.srilanka.travel/culinary-tourism/,2026-08-11,0.94
BAN-F008,Dhal Curry,Parippu,Side / curry,Any,Mild-Medium,Yes,Yes,Red lentil curry,Core accompaniment,"vegetarian,comfort-food",Official tourism,https://www.srilanka.travel/culinary-tourism/,2026-08-11,0.95
BAN-F009,Potato Curry,Ala curry,Vegetable curry,"Breakfast,Lunch,Dinner",Mild,Yes,Yes,Potatoes cooked with spices and coconut milk,Highly relevant to Uva highland produce,"vegetarian,hill-country",Cuisine context,https://www.srilanka.travel/culinary-tourism/,2026-08-11,0.88
BAN-F010,Leek Curry,Leeks curry,Vegetable curry,"Lunch,Dinner",Mild-Medium,Yes,Yes,Leeks cooked with spices/coconut,Cool-climate vegetable association,"vegetarian,hill-country",Cuisine context,https://www.srilanka.travel/culinary-tourism/,2026-08-11,0.86
BAN-F011,Carrot Curry,Carrot curry,Vegetable curry,"Lunch,Dinner",Mild,Yes,Yes,Carrots cooked with Sri Lankan spices,Cool-climate vegetable association,"vegetarian,hill-country",Cuisine context,https://www.srilanka.travel/culinary-tourism/,2026-08-11,0.86
BAN-F012,Pumpkin Curry,Wattakka curry,Vegetable curry,"Lunch,Dinner",Mild,Yes,Yes,Pumpkin cooked in coconut milk and spices,Common local curry,"vegetarian,mild",Cuisine context,https://www.srilanka.travel/culinary-tourism/,2026-08-11,0.88
BAN-F013,Jackfruit Curry,Polos / kos curry,Vegetable curry,"Lunch,Dinner",Medium,Yes,Yes,Jackfruit cooked with Sri Lankan spices,Traditional village curry,"vegetarian,village-food",Official tourism context,https://www.srilanka.travel/culinary-tourism/,2026-08-11,0.88
BAN-F014,Fish Curry,Sri Lankan fish curry,Fish curry,"Lunch,Dinner",Medium-High,No,No,Fish cooked in Sri Lankan curry spices,Common protein option,"fish,spicy",Cuisine context,https://www.srilanka.travel/culinary-tourism/,2026-08-11,0.9
BAN-F015,Chicken Curry,Sri Lankan chicken curry,Meat curry,"Lunch,Dinner",Medium-High,No,No,Chicken cooked with roasted spices,Common protein option,"chicken,spicy",Cuisine context,https://www.srilanka.travel/culinary-tourism/,2026-08-11,0.9
BAN-F016,Devilled Fish,Sri Lankan devilled fish,Main / stir-fry,"Lunch,Dinner",Medium-High,No,No,"Fish stir-fried with onion, capsicum and spicy-sweet sauce",Explicitly mentioned at Resto,"fish,devilled",Restaurant review evidence,https://www.tripadvisor.com/Restaurant_Review-g1051532-d13148339-Reviews-Resto-Bandarawela_Uva_Province.html,2026-08-11,0.94
BAN-F017,Nasi Goreng Sri Lankan Style,Nasi-goreng,Rice main,"Lunch,Dinner",Medium,No,No,Fried rice with Sri Lankan-style accompaniments,Explicitly mentioned at Resto,"fried-rice,mixed-cuisine",Restaurant review evidence,https://www.tripadvisor.com/Restaurant_Review-g1051532-d13148339-Reviews-Resto-Bandarawela_Uva_Province.html,2026-08-11,0.94
BAN-F018,Mango Juice,Fresh mango juice,Drink,Any,None,Yes,Yes,Fresh mango juice,Specifically praised at Dude's Hut,"juice,refreshing",Restaurant review evidence,https://www.tripadvisor.com/Restaurants-g1051532-zfp16-Bandarawela_Uva_Province.html,2026-08-11,0.92
BAN-F019,Ceylon Tea,Sri Lankan tea,Drink,Any,None,Yes,Yes,Black tea from Sri Lanka's hill country,Bandarawela is a tea-country base,"tea,hill-country",Regional tourism context,https://bandarawelahotel.com/,2026-08-11,0.96
BAN-F020,Milk Tea,Kiritea,Drink,"Breakfast,Snack",Sweet,Yes,Yes,Tea with milk and sugar,Common local tea-shop beverage,"tea,local",Regional context,https://bandarawelahotel.com/,2026-08-11,0.88
BAN-F021,Short Eats,Rolls / patties / buns,Snack,Snack,Varies,Some,Some,Savory bakery snacks and fried items,Common town snack category,"snack,budget",Official tourism,https://www.srilanka.travel/culinary-tourism/,2026-08-11,0.9
BAN-F022,Curd and Treacle,Kiri pani,Dessert,Dessert,Sweet,Yes,Yes,Buffalo curd with kithul treacle,Traditional dessert,"dessert,traditional",Official tourism,https://www.srilanka.travel/culinary-tourism/,2026-08-11,0.9
BAN-F023,Kiribath,Milk rice,Breakfast / ceremonial,Breakfast,Mild,Yes,Yes,Rice cooked with coconut milk,Traditional breakfast,"breakfast,traditional",Official tourism,https://www.srilanka.travel/culinary-tourism/,2026-08-11,0.9
BAN-F024,Vegetable Roti,Stuffed roti,Snack / main,"Breakfast,Lunch",Mild-Medium,Yes,Yes,Roti filled with vegetables,Useful vegetarian quick-meal option,"vegetarian,roti,budget",Cuisine context,https://www.srilanka.travel/culinary-tourism/,2026-08-11,0.86
BAN-F025,Herbal Tea,Herbal infusion,Drink,Any,None,Yes,Yes,Hot herbal infusion,Suitable to cool-climate / wellness travel,"herbal,hill-country",Regional context,https://bandarawelahotel.com/,2026-08-11,0.82
