signal_id,platform,place_id,place_name,food_or_topic,signal_polarity,signal_type,structured_summary,local_vs_tourist_signal,source_url,verified_date,confidence
SIG-S001,Tripadvisor,SIG-P005,Sigiriya wew Thawulla Restaurant,Vegetable curry,Positive,Dish signal,Public review describes the vegetable curry as generous and enjoyable.,Mixed local/tourist,https://www.tripadvisor.com/Restaurant_Review-g304141-d17660325-Reviews-Sigiriya_wew_Thawulla_Restaurant-Sigiriya_Central_Province.html,2026-08-11,0.86
SIG-S002,Tripadvisor,SIG-P005,Sigiriya wew Thawulla Restaurant,Devilled chicken,Positive,Dish signal,Devilled chicken is explicitly recommended in a recent public review.,Mixed local/tourist,https://www.tripadvisor.com/Restaurant_Review-g304141-d17660325-Reviews-Sigiriya_wew_Thawulla_Restaurant-Sigiriya_Central_Province.html,2026-08-11,0.86
SIG-S003,Tripadvisor,SIG-P005,Sigiriya wew Thawulla Restaurant,Hot garlic fish,Positive,Dish signal,Hot garlic fish appears as a positive recent review topic.,Mixed local/tourist,https://www.tripadvisor.com/Restaurant_Review-g304141-d17660325-Reviews-Sigiriya_wew_Thawulla_Restaurant-Sigiriya_Central_Province.html,2026-08-11,0.84
SIG-S004,Tripadvisor,SIG-P005,Sigiriya wew Thawulla Restaurant,Vegetarian / vegan,Positive,Dietary signal,Current listing explicitly marks vegetarian-friendly and vegan options.,Dietary-inclusive,https://www.tripadvisor.com/Restaurant_Review-g304141-d17660325-Reviews-Sigiriya_wew_Thawulla_Restaurant-Sigiriya_Central_Province.html,2026-08-11,0.98
SIG-S005,Tripadvisor,SIG-P002,Kenoli Restaurant,Curry,Positive,Recommendation,Kenoli ranks among Sigiriya's current top curry options.,Mixed local/tourist,https://www.tripadvisor.com/Restaurants-g304141-zfd20181-Sigiriya_Central_Province-Curry.html,2026-08-11,0.86
SIG-S006,Tripadvisor,SIG-P003,Sigiri Liya Rest,Authentic Sri Lankan curry,Positive,Recommendation,Current curry listings describe Sigiri Liya as authentic local curry at good value.,Authentic/local-food focus,https://www.tripadvisor.com/Restaurant_Review-g304141-d23838105-Reviews-Sigiri_Liya_Rest-Sigiriya_Central_Province.html,2026-08-11,0.88
SIG-S007,Tripadvisor,SIG-P004,Little Hut,Curry,Positive,Recommendation,Little Hut is repeatedly surfaced among highly rated cheap eats.,Mixed local/tourist,https://www.tripadvisor.com/Restaurant_Review-g304141-d18840954-Reviews-Little_Hut-Sigiriya_Central_Province.html,2026-08-11,0.84
SIG-S008,Tripadvisor,SIG-P001,S.l.kafé Restaurant & Cooking Class,Cooking class,Positive,Experience signal,Current listings rank it highly and emphasize the restaurant + cooking class combination.,Cultural/tourist experience,https://www.tripadvisor.com/Restaurant_Review-g304141-d24038580-Reviews-S_l_kafe_Restaurant_Cooking_Class-Sigiriya_Central_Province.html,2026-08-11,0.88
SIG-S009,Tripadvisor,SIG-P007,Gamagedara Village Food,Village food,Positive,Authenticity signal,The restaurant is explicitly positioned around village food.,Strong local-style signal,https://www.tripadvisor.com/Restaurant_Review-g304141-d8835373-Reviews-Gamagedara_village_food-Sigiriya_Central_Province.html,2026-08-11,0.88
SIG-S010,Tripadvisor,SIG-P008,Mom's Kitchen,Home-style food,Positive,Authenticity signal,Name and listing context strongly support home-style positioning.,Home-style,https://www.tripadvisor.com/Restaurant_Review-g304141-d15049114-Reviews-Mom_s_Kitchen-Sigiriya_Central_Province.html,2026-08-11,0.82
SIG-S011,Tripadvisor,SIG-P010,Tharumila Restaurant,Home-cooked food,Positive,Authenticity signal,Public review explicitly describes delicious home-cooked Sri Lankan food.,Home-style,https://www.tripadvisor.com/Restaurant_Review-g304141-d23998061-Reviews-Tharumila_Restaurant-Sigiriya_Central_Province.html,2026-08-11,0.88
SIG-S012,Tripadvisor,SIG-P009,Sigiri Lion Face Restaurant,Vegetarian / vegan,Positive,Dietary signal,Current listing states there are many vegetarian and vegan options.,Dietary-inclusive,https://www.tripadvisor.com/Restaurant_Review-g304141-d23986485-Reviews-Sigiri_Lion_face_Restaurant-Sigiriya_Central_Province.html,2026-08-11,0.88
SIG-S013,Official website,SIG-P013,Eco Kitchen Sigiriya,Organic cooking class,Positive,Experience signal,"Official site emphasizes fresh, organic, homegrown ingredients and garden-based learning.",Strong authentic/cultural signal,https://ecokitchen.lk/,2026-08-11,0.99
SIG-S014,Official website,SIG-P013,Eco Kitchen Sigiriya,Coconut roti / banana curry,Positive,Menu/course signal,"Official course content explicitly includes coconut roti, banana curry, rice and herbal teas.",Strong authentic/cultural signal,https://ecokitchen.lk/,2026-08-11,0.99
SIG-S015,Official website,SIG-P014,Hotel Sigiriya Main Restaurant,Sri Lankan delights,Positive,Cuisine signal,Official hotel site states that the restaurant includes Sri Lankan delights alongside international food.,Hotel/tourist,https://www.brownshotels.com/hotelsigiriya/dining/,2026-08-11,0.99
SIG-S016,Travel guide,SIG-P015,Alloro Chooti Restaurant,Local Sri Lankan food,Positive,Recommendation,Recent Sigiriya restaurant guide includes Alloro Chooti among local-food options.,Mixed local/tourist,https://travelinsighter.com/restaurants-in-sigiriya-sri-lanka/,2026-08-11,0.78
SIG-S017,Travel guide,SIG-P016,Moats Cafe,Breakfast / coffee,Positive,Recommendation,Recent guide highlights Moats Cafe for breakfast and coffee in a place with relatively few cafes.,Tourist/cafe,https://travelinsighter.com/restaurants-in-sigiriya-sri-lanka/,2026-08-11,0.8
SIG-S018,Reddit,,Sigiriya cooking classes,Cooking class,Positive,Experience signal,Recent solo-travel report says the Sri Lankan cooking class in Sigiriya was amazing.,Cultural experience,https://www.reddit.com/r/SriLankaTravel/comments/1uyk66s/just_returned_from_2_weeks_in_sri_lanka_as_a_solo/,2026-08-11,0.76
SIG-S019,Reddit,,Sigiriya cooking classes,Village cooking experience,Positive,Recommendation,Recent travel tips specifically recommend doing a cooking class in Sigiriya for an authentic experience.,Cultural experience,https://www.reddit.com/r/travel/comments/1nolwzj/sri_lanka_tips_december_2025/,2026-08-11,0.76
SIG-S020,Reddit,,Sri Lankan food broadly,Rice and curry / kottu / string hoppers,Positive,Food guidance,"Community advice lists rice and curry, kottu and string hoppers as core Sri Lankan foods.",General local-food context,https://www.reddit.com/r/srilanka/comments/18ghi17/where_to_find_proper_sri_lankan_food/,2026-08-11,0.84
SIG-S021,Reddit,,Sigiriya restaurant food,Spice adaptation,Mixed,Preference-risk signal,A traveller reported some Sigiriya food felt under-spiced; suggests authenticity/spice preference should be user-configurable.,Tourist adaptation risk,https://www.reddit.com/r/srilanka/comments/1kpbybo/arugam_bay_sri_lankan_food/,2026-08-11,0.55
SIG-S022,Tripadvisor,SIG-P005,Sigiriya wew Thawulla Restaurant,Lake / Sigiriya Rock view,Positive,Experience signal,Current listing highlights views toward Sigiriya Rock and the lake.,Tourist/scenic,https://www.tripadvisor.com/Restaurant_Review-g304141-d17660325-Reviews-Sigiriya_wew_Thawulla_Restaurant-Sigiriya_Central_Province.html,2026-08-11,0.96
SIG-S023,Tripadvisor,SIG-P005,Sigiriya wew Thawulla Restaurant,Family suitability,Positive,Feature signal,"Current listing supports breakfast, lunch, dinner and broad menu options suitable for families.",Mixed local/tourist,https://www.tripadvisor.com/Restaurant_Review-g304141-d17660325-Reviews-Sigiriya_wew_Thawulla_Restaurant-Sigiriya_Central_Province.html,2026-08-11,0.9
SIG-S024,Tripadvisor,SIG-P002,Kenoli Restaurant,Vegetarian / vegan,Positive,Dietary signal,Current listing explicitly marks vegetarian-friendly and vegan options.,Dietary-inclusive,https://www.tripadvisor.com/Restaurant_Review-g304141-d17796477-Reviews-Kenoli_Restaurant-Sigiriya_Central_Province.html,2026-08-11,0.98
SIG-S025,Tripadvisor,SIG-P003,Sigiri Liya Rest,Value,Positive,Value signal,Current review text repeatedly frames it as good-value authentic local food.,Local/budget,https://www.tripadvisor.com/Restaurant_Review-g304141-d23838105-Reviews-Sigiri_Liya_Rest-Sigiriya_Central_Province.html,2026-08-11,0.86
SIG-S026,Tripadvisor,SIG-P006,Wijesiri Family Restaurant,Popularity,Positive,Popularity signal,Current listings show high review volume for a budget family restaurant.,Mixed local/tourist,https://www.tripadvisor.com/Restaurants-g304141-Sigiriya_Central_Province.html,2026-08-11,0.82
SIG-S027,Tripadvisor,SIG-P007,Gamagedara Village Food,Popularity,Positive,Popularity signal,Current listings show substantial review volume for village-food positioning.,Village/tourist,https://www.tripadvisor.com/Restaurants-g304141-Sigiriya_Central_Province.html,2026-08-11,0.82
SIG-S028,Tripadvisor,SIG-P001,S.l.kafé Restaurant & Cooking Class,Cheap eats,Positive,Value signal,Current Sigiriya listings surface it among best cheap eats.,Budget/cultural,https://www.tripadvisor.com/Restaurants-g304141-Sigiriya_Central_Province.html,2026-08-11,0.84
SIG-S029,Tripadvisor,SIG-P002,Kenoli Restaurant,Cheap eats,Positive,Value signal,Current Sigiriya listings surface it among best cheap eats.,Budget/local,https://www.tripadvisor.com/Restaurants-g304141-Sigiriya_Central_Province.html,2026-08-11,0.84
SIG-S030,Tripadvisor,SIG-P004,Little Hut,Family dining,Positive,Feature signal,Current Sigiriya listing identifies it as one of the better family-friendly restaurants.,Family/tourist,https://www.tripadvisor.com/Restaurants-g304141-Sigiriya_Central_Province.html,2026-08-11,0.84
