food_id,food_name,alternate_names,category,meal_type,typical_spice_level,vegetarian_possible,vegan_possible,key_components,sigiriya_relevance,recommendation_tags,source_type,source_url,verified_date,confidence
SIG-F001,Rice and Curry,Bath saha curry,Main meal,"Lunch,Dinner",Varies,Yes,Yes,"Rice with several vegetable curries, sambols and optional meat/fish",Core village/home-style food around Sigiriya,"authentic,village-food,budget",Official tourism,https://www.srilanka.travel/culinary-tourism/,2026-08-11,0.99
SIG-F002,Red Rice and Curry,Rathu kekulu bath,Main meal,"Lunch,Dinner",Medium,Yes,Yes,Local red rice served with vegetable/protein curries,Strong fit for rural/village-style dining,"red-rice,healthy,authentic",Community + cuisine context,https://www.reddit.com/r/srilanka/comments/1cqvkyv/traveling_to_sri_lanka_from_india_for_a_month/,2026-08-11,0.88
SIG-F003,Pol Roti,Coconut roti,Flatbread / main,"Breakfast,Lunch,Dinner",Mild,Yes,Yes,Flatbread made with flour and coconut,Common traditional staple and cooking-class dish,"roti,coconut,budget",Official cooking class + community,https://ecokitchen.lk/,2026-08-11,0.98
SIG-F004,Kottu Roti,Koththu,Street food / main,Dinner,Medium-High,Yes,Yes,Chopped godhamba roti with vegetables and optional egg/meat,Common tourist-town evening dish,"street-food,late-night",Official tourism,https://www.srilanka.travel/culinary-tourism/food-range.php,2026-08-11,0.98
SIG-F005,String Hoppers,Indi Appa,Breakfast / dinner,"Breakfast,Dinner",Mild,Yes,Yes,Steamed rice-flour noodle nests,Common Sri Lankan breakfast/dinner staple,"breakfast,traditional",Official tourism,https://www.srilanka.travel/culinary-tourism/,2026-08-11,0.96
SIG-F006,Hoppers,Appa,Breakfast / dinner,"Breakfast,Dinner",Mild,Yes,Yes,Fermented rice-flour and coconut-milk pancake,Common breakfast item,"breakfast,traditional",Official tourism,https://www.srilanka.travel/culinary-tourism/food-range.php,2026-08-11,0.98
SIG-F007,Egg Hopper,Biththara Appa,Breakfast / dinner,"Breakfast,Dinner",Mild,Yes,No,Hopper with egg cooked in centre,Common breakfast variation,"breakfast,egg",Official tourism,https://www.srilanka.travel/culinary-tourism/food-range.php,2026-08-11,0.98
SIG-F008,Pittu,Pittu,Breakfast / main,"Breakfast,Dinner",Mild,Yes,Yes,Steamed flour and coconut mixture,Traditional Sri Lankan staple,"traditional,coconut",Community + tourism,https://www.reddit.com/r/srilanka/comments/1cqvkyv/traveling_to_sri_lanka_from_india_for_a_month/,2026-08-11,0.88
SIG-F009,Dhal Curry,Parippu,Side / curry,Any,Mild-Medium,Yes,Yes,"Red lentil curry, often with coconut milk",Core rice-and-curry component,"vegetarian,comfort-food",Official tourism,https://www.srilanka.travel/culinary-tourism/,2026-08-11,0.95
SIG-F010,Pol Sambol,Coconut sambol,Side,Any,High,Yes,Yes,"Fresh coconut, chilli, onion and lime",Core local accompaniment,"spicy,coconut",Official tourism,https://www.srilanka.travel/culinary-tourism/,2026-08-11,0.95
SIG-F011,Pumpkin Curry,Wattakka curry,Vegetable curry,"Lunch,Dinner",Mild-Medium,Yes,Yes,Pumpkin cooked in coconut milk and spices,Common village curry; paired with roti in review evidence,"vegetarian,village-food",Tripadvisor review signal,https://www.tripadvisor.com/Restaurant_Review-g304141-d17660325-Reviews-Sigiriya_wew_Thawulla_Restaurant-Sigiriya_Central_Province.html,2026-08-11,0.91
SIG-F012,Banana Curry,Kesel curry,Vegetable curry,"Lunch,Dinner",Medium,Yes,Yes,Banana cooked in Sri Lankan spices/coconut,Explicitly part of Eco Kitchen course,"vegetarian,cooking-class",Official cooking class,https://ecokitchen.lk/,2026-08-11,0.99
SIG-F013,Okra Curry,Bandakka curry,Vegetable curry,"Lunch,Dinner",Medium,Yes,Yes,Okra cooked with spices/coconut,Explicitly praised at home-style Sigiriya restaurant,"vegetarian,home-style",Tripadvisor review signal,https://www.tripadvisor.com/Restaurant_Review-g304141-d23998061-Reviews-Tharumila_Restaurant-Sigiriya_Central_Province.html,2026-08-11,0.9
SIG-F014,Jackfruit Curry,Polos / kos curry,Vegetable curry,"Lunch,Dinner",Medium,Yes,Yes,Young or mature jackfruit cooked with spices,Common rural Sri Lankan curry,"vegetarian,traditional",Community food guidance,https://www.reddit.com/r/srilanka/comments/18ghi17/where_to_find_proper_sri_lankan_food/,2026-08-11,0.88
SIG-F015,Chicken Curry,Sri Lankan chicken curry,Meat curry,"Lunch,Dinner",Medium-High,No,No,Chicken cooked in roasted Sri Lankan spices,Common restaurant curry option,"chicken,spicy",Restaurant listings + cuisine context,https://www.tripadvisor.com/Restaurants-g304141-zfd20181-Sigiriya_Central_Province-Curry.html,2026-08-11,0.9
SIG-F016,Fish Curry,Sri Lankan fish curry,Fish curry,"Lunch,Dinner",Medium-High,No,No,Fish cooked in Sri Lankan curry spices,Common protein option,"fish,spicy",Restaurant review evidence,https://www.tripadvisor.com/Restaurant_Review-g304141-d17660325-Reviews-Sigiriya_wew_Thawulla_Restaurant-Sigiriya_Central_Province.html,2026-08-11,0.9
SIG-F017,Devilled Chicken,Chicken devilled,Main / stir-fry,"Lunch,Dinner",Medium-High,No,No,"Chicken stir-fried with peppers, onion and spicy-sweet sauce",Explicitly highlighted at Wew Thawulla,"devilled,chicken",Tripadvisor review evidence,https://www.tripadvisor.com/Restaurant_Review-g304141-d17660325-Reviews-Sigiriya_wew_Thawulla_Restaurant-Sigiriya_Central_Province.html,2026-08-11,0.94
SIG-F018,Hot Garlic Fish,Garlic fish,Fish main,"Lunch,Dinner",Medium,No,No,Fish cooked with garlic-forward sauce,Explicitly highlighted at Wew Thawulla,"fish,garlic",Tripadvisor review evidence,https://www.tripadvisor.com/Restaurant_Review-g304141-d17660325-Reviews-Sigiriya_wew_Thawulla_Restaurant-Sigiriya_Central_Province.html,2026-08-11,0.92
SIG-F019,Vegetable Curry Platter,Mixed vegetable curries,Main / sharing,"Lunch,Dinner",Medium,Yes,Yes,Several vegetable curries served together,Strongly suited to village-food/cooking-class experiences,"vegetarian,village-food,sharing",Tripadvisor + cooking-class context,https://www.tripadvisor.com/Attractions-g304141-Activities-c36-t203-Sigiriya_Central_Province.html,2026-08-11,0.93
SIG-F020,Fresh Fruit Juice,Seasonal juice,Drink,Any,None,Yes,Yes,Fresh blended tropical fruit juice,Explicitly highlighted at Wew Thawulla and other local eateries,"juice,refreshing",Tripadvisor review evidence,https://www.tripadvisor.com/Restaurant_Review-g304141-d17660325-Reviews-Sigiriya_wew_Thawulla_Restaurant-Sigiriya_Central_Province.html,2026-08-11,0.9
SIG-F021,Coconut Roti with Curry,Pol roti + curry,Main / snack,"Breakfast,Lunch,Dinner",Medium,Yes,Yes,Coconut roti served with curry,Explicitly part of Eco Kitchen course,"cooking-class,roti",Official cooking class,https://ecokitchen.lk/,2026-08-11,0.99
SIG-F022,Herbal Tea,Herble tea,Drink,Any,None,Yes,Yes,Herbal infusion made with local herbs,Explicitly included in Eco Kitchen course,"herbal,wellness",Official cooking class,https://ecokitchen.lk/,2026-08-11,0.98
SIG-F023,Kiribath,Milk rice,Breakfast / ceremonial,Breakfast,Mild,Yes,Yes,Rice cooked in coconut milk,Traditional Sri Lankan breakfast,"breakfast,traditional",Community food guidance,https://www.reddit.com/r/srilanka/comments/1cqvkyv/traveling_to_sri_lanka_from_india_for_a_month/,2026-08-11,0.88
SIG-F024,Curd and Treacle,Kiri pani,Dessert,Dessert,Sweet,Yes,Yes,Buffalo curd with kithul treacle,Classic traditional dessert,"dessert,traditional",Official tourism,https://www.srilanka.travel/culinary-tourism/,2026-08-11,0.9
SIG-F025,King Coconut,Thambili,Drink,Any,None,Yes,Yes,Fresh king coconut water,Common refreshing drink around hot Cultural Triangle sites,"drink,refreshing",Community food guidance,https://www.reddit.com/r/srilanka/comments/1cqvkyv/traveling_to_sri_lanka_from_india_for_a_month/,2026-08-11,0.86
